2025-09-16_19-38-38,None,draft.py:2025-09-16_19-38-38
2025-09-16_19-38-48,None,draft.py:2025-09-16_19-38-38
2025-09-16_19-39-03,None,draft.py:2025-09-16_19-38-38
2025-09-16_20-07-42,None,draft.py:2025-09-16_20-07-42
2025-09-16_20-07-57,None,draft.py:2025-09-16_20-07-42
2025-09-16_20-08-00,None,draft.py:2025-09-16_20-07-42
2025-09-16_20-08-15,None,draft.py:2025-09-16_20-07-42
2025-09-16_20-08-16,None,draft.py:2025-09-16_20-07-42
2025-09-22_16-01-35,None,draft.py:2025-09-22_16-01-35
2025-09-23_19-30-12,None,draft.py:2025-09-23_19-30-12
2025-09-23_21-23-32,None,draft.py:2025-09-23_21-23-32
2025-09-23_21-23-44,None,draft.py:2025-09-23_21-23-32
2025-09-23_21-24-17,None,draft.py:2025-09-23_21-24-17
2025-09-24_10-06-54,None,draft.py:2025-09-24_10-06-54
2025-09-27_14-21-39,None,draft.py:2025-09-27_14-21-39;teste.py:2025-09-27_14-21-39
2025-09-27_14-21-42,None,draft.py:2025-09-27_14-21-39;teste.py:2025-09-27_14-21-39
2025-09-27_14-25-09,None,draft.py:2025-09-27_14-25-09;teste.py:2025-09-27_14-21-39
2025-09-27_14-25-13,None,draft.py:2025-09-27_14-25-09;teste.py:2025-09-27_14-21-39
2025-09-27_14-41-56,None,draft.py:2025-09-27_14-41-56;teste.py:2025-09-27_14-21-39
2025-09-27_14-42-01,None,draft.py:2025-09-27_14-41-56;teste.py:2025-09-27_14-21-39
2025-09-27_17-21-32,None,draft.py:2025-09-27_17-21-32;teste.py:2025-09-27_14-21-39
